[{"model": "contenttypes.contenttype", "pk": 1, "fields": {"app_label": "admin", "model": "logentry"}}, {"model": "contenttypes.contenttype", "pk": 2, "fields": {"app_label": "auth", "model": "permission"}}, {"model": "contenttypes.contenttype", "pk": 3, "fields": {"app_label": "auth", "model": "group"}}, {"model": "contenttypes.contenttype", "pk": 4, "fields": {"app_label": "auth", "model": "user"}}, {"model": "contenttypes.contenttype", "pk": 5, "fields": {"app_label": "contenttypes", "model": "contenttype"}}, {"model": "contenttypes.contenttype", "pk": 6, "fields": {"app_label": "sessions", "model": "session"}}, {"model": "contenttypes.contenttype", "pk": 7, "fields": {"app_label": "front", "model": "cleaningtype"}}, {"model": "contenttypes.contenttype", "pk": 8, "fields": {"app_label": "front", "model": "placetype"}}, {"model": "contenttypes.contenttype", "pk": 9, "fields": {"app_label": "front", "model": "telegram"}}, {"model": "contenttypes.contenttype", "pk": 10, "fields": {"app_label": "front", "model": "request"}}, {"model": "contenttypes.contenttype", "pk": 11, "fields": {"app_label": "front", "model": "price"}}, {"model": "sessions.session", "pk": "qf7f5pno2utr7kucwb6bezvkncoerg6y", "fields": {"session_data": "MjRiZTNiMTEyNGY5Mzc5NGFkOTI4OTY4YzgwOTU5NWY2ZjZlNDJmNjp7Il9hdXRoX3VzZXJfaWQiOiIxIiwiX2F1dGhfdXNlcl9iYWNrZW5kIjoiZGphbmdvLmNvbnRyaWIuYXV0aC5iYWNrZW5kcy5Nb2RlbEJhY2tlbmQiLCJfYXV0aF91c2VyX2hhc2giOiI5NTQ2YjA0N2Q1ZDhlYjJhZDgxZWE3NGFlMjA3MmZhZDA5Y2YxY2U0In0=", "expire_date": "2020-08-29T13:11:39.547Z"}}, {"model": "front.placetype", "pk": 1, "fields": {"name": "\u041a\u0432\u0430\u0440\u0442\u0438\u0440\u0430"}}, {"model": "front.placetype", "pk": 2, "fields": {"name": "\u041a\u043e\u0442\u0442\u0435\u0434\u0436"}}, {"model": "front.cleaningtype", "pk": 1, "fields": {"name": "\u041f\u043e\u0434\u0434\u0435\u0440\u0436\u0438\u0432\u0430\u044e\u0449\u0430\u044f"}}, {"model": "front.cleaningtype", "pk": 2, "fields": {"name": "\u0413\u0435\u043d\u0435\u0440\u0430\u043b\u044c\u043d\u0430\u044f"}}, {"model": "front.cleaningtype", "pk": 3, "fields": {"name": "\u041f\u043e\u0441\u043b\u0435 \u0440\u0435\u043c\u043e\u043d\u0442\u0430"}}, {"model": "front.price", "pk": 1, "fields": {"place_type": 1, "clean_type": 1, "square": 50, "price": "100.00"}}, {"model": "front.price", "pk": 2, "fields": {"place_type": 1, "clean_type": 2, "square": 80, "price": "70.00"}}, {"model": "front.price", "pk": 3, "fields": {"place_type": 1, "clean_type": 1, "square": 80, "price": "70.00"}}, {"model": "front.price", "pk": 4, "fields": {"place_type": 1, "clean_type": 1, "square": 100, "price": "50.00"}}, {"model": "front.price", "pk": 5, "fields": {"place_type": 1, "clean_type": 1, "square": 200, "price": "45.00"}}, {"model": "front.price", "pk": 6, "fields": {"place_type": 1, "clean_type": 2, "square": 50, "price": "100.00"}}, {"model": "front.price", "pk": 7, "fields": {"place_type": 1, "clean_type": 2, "square": 100, "price": "50.00"}}, {"model": "front.price", "pk": 8, "fields": {"place_type": 1, "clean_type": 2, "square": 200, "price": "45.00"}}, {"model": "front.price", "pk": 9, "fields": {"place_type": 1, "clean_type": 3, "square": 50, "price": "100.00"}}, {"model": "front.price", "pk": 10, "fields": {"place_type": 1, "clean_type": 3, "square": 80, "price": "70.00"}}, {"model": "front.price", "pk": 11, "fields": {"place_type": 1, "clean_type": 3, "square": 100, "price": "50.00"}}, {"model": "front.price", "pk": 12, "fields": {"place_type": 1, "clean_type": 3, "square": 200, "price": "45.00"}}, {"model": "front.price", "pk": 13, "fields": {"place_type": 2, "clean_type": 1, "square": 50, "price": "100.00"}}, {"model": "front.price", "pk": 14, "fields": {"place_type": 2, "clean_type": 1, "square": 80, "price": "70.00"}}, {"model": "front.price", "pk": 15, "fields": {"place_type": 2, "clean_type": 1, "square": 100, "price": "50.00"}}, {"model": "front.price", "pk": 16, "fields": {"place_type": 2, "clean_type": 1, "square": 200, "price": "45.00"}}, {"model": "front.price", "pk": 17, "fields": {"place_type": 2, "clean_type": 2, "square": 50, "price": "100.00"}}, {"model": "front.price", "pk": 18, "fields": {"place_type": 2, "clean_type": 2, "square": 80, "price": "70.00"}}, {"model": "front.price", "pk": 19, "fields": {"place_type": 2, "clean_type": 2, "square": 100, "price": "50.00"}}, {"model": "front.price", "pk": 20, "fields": {"place_type": 2, "clean_type": 2, "square": 200, "price": "45.00"}}, {"model": "front.price", "pk": 21, "fields": {"place_type": 2, "clean_type": 3, "square": 50, "price": "100.00"}}, {"model": "front.price", "pk": 22, "fields": {"place_type": 2, "clean_type": 3, "square": 80, "price": "70.00"}}, {"model": "front.price", "pk": 23, "fields": {"place_type": 2, "clean_type": 3, "square": 100, "price": "50.00"}}, {"model": "front.price", "pk": 24, "fields": {"place_type": 2, "clean_type": 3, "square": 200, "price": "45.00"}}, {"model": "front.request", "pk": 1, "fields": {"clean_type": 3, "phone": "+7(968) 964 9988", "name": "tgg", "cost": "47470.00", "date": "22.08.2020 09:00", "address": "tgrge"}}, {"model": "front.request", "pk": 2, "fields": {"clean_type": 2, "phone": "+7(543) 535 3535", "name": "ggtg", "cost": "5400.00", "date": "16.08.2020 11:00", "address": "thtrh"}}, {"model": "front.request", "pk": 3, "fields": {"clean_type": 2, "phone": "+7(543) 535 3535", "name": "ggtg", "cost": "5400.00", "date": "16.08.2020 11:00", "address": "thtrh"}}, {"model": "front.request", "pk": 4, "fields": {"clean_type": 2, "phone": "+7(543) 535 3535", "name": "ggtg", "cost": "5400.00", "date": "16.08.2020 11:00", "address": "thtrh"}}, {"model": "front.request", "pk": 5, "fields": {"clean_type": 2, "phone": "+7(543) 535 3535", "name": "ggtg", "cost": "5400.00", "date": "16.08.2020 11:00", "address": "thtrh"}}, {"model": "front.request", "pk": 6, "fields": {"clean_type": 2, "phone": "+7(543) 535 3535", "name": "ggtg", "cost": "5400.00", "date": "16.08.2020 11:00", "address": "thtrh"}}, {"model": "front.request", "pk": 7, "fields": {"clean_type": 2, "phone": "+7(543) 535 3535", "name": "ggtg", "cost": "5400.00", "date": "16.08.2020 11:00", "address": "thtrh"}}, {"model": "front.request", "pk": 8, "fields": {"clean_type": 1, "phone": "+7(343) 434 3434", "name": "vefv", "cost": "4000.00", "date": "16.08.2020 09:00", "address": "vefvev"}}, {"model": "front.request", "pk": 9, "fields": {"clean_type": 1, "phone": "+7(343) 434 3434", "name": "vefv", "cost": "4000.00", "date": "16.08.2020 09:00", "address": "vefvev"}}, {"model": "front.request", "pk": 10, "fields": {"clean_type": 1, "phone": "+7(343) 434 3434", "name": "vefv", "cost": "4000.00", "date": "16.08.2020 09:00", "address": "vefvev"}}, {"model": "front.request", "pk": 11, "fields": {"clean_type": 1, "phone": "+7(242) 342 4323", "name": "fwf", "cost": "4000.00", "date": "22.08.2020 13:00", "address": "frfr"}}, {"model": "front.telegram", "pk": 1, "fields": {"link": "api.telegram.org/bot434976718:AAFsllg5_Nkjf4L3yUrZEZaTBJCcKpnjcqM", "chat_id": "237123460"}}, {"model": "auth.permission", "pk": 1, "fields": {"name": "Can add log entry", "content_type": 1, "codename": "add_logentry"}}, {"model": "auth.permission", "pk": 2, "fields": {"name": "Can change log entry", "content_type": 1, "codename": "change_logentry"}}, {"model": "auth.permission", "pk": 3, "fields": {"name": "Can delete log entry", "content_type": 1, "codename": "delete_logentry"}}, {"model": "auth.permission", "pk": 4, "fields": {"name": "Can view log entry", "content_type": 1, "codename": "view_logentry"}}, {"model": "auth.permission", "pk": 5, "fields": {"name": "Can add permission", "content_type": 2, "codename": "add_permission"}}, {"model": "auth.permission", "pk": 6, "fields": {"name": "Can change permission", "content_type": 2, "codename": "change_permission"}}, {"model": "auth.permission", "pk": 7, "fields": {"name": "Can delete permission", "content_type": 2, "codename": "delete_permission"}}, {"model": "auth.permission", "pk": 8, "fields": {"name": "Can view permission", "content_type": 2, "codename": "view_permission"}}, {"model": "auth.permission", "pk": 9, "fields": {"name": "Can add group", "content_type": 3, "codename": "add_group"}}, {"model": "auth.permission", "pk": 10, "fields": {"name": "Can change group", "content_type": 3, "codename": "change_group"}}, {"model": "auth.permission", "pk": 11, "fields": {"name": "Can delete group", "content_type": 3, "codename": "delete_group"}}, {"model": "auth.permission", "pk": 12, "fields": {"name": "Can view group", "content_type": 3, "codename": "view_group"}}, {"model": "auth.permission", "pk": 13, "fields": {"name": "Can add user", "content_type": 4, "codename": "add_user"}}, {"model": "auth.permission", "pk": 14, "fields": {"name": "Can change user", "content_type": 4, "codename": "change_user"}}, {"model": "auth.permission", "pk": 15, "fields": {"name": "Can delete user", "content_type": 4, "codename": "delete_user"}}, {"model": "auth.permission", "pk": 16, "fields": {"name": "Can view user", "content_type": 4, "codename": "view_user"}}, {"model": "auth.permission", "pk": 17, "fields": {"name": "Can add content type", "content_type": 5, "codename": "add_contenttype"}}, {"model": "auth.permission", "pk": 18, "fields": {"name": "Can change content type", "content_type": 5, "codename": "change_contenttype"}}, {"model": "auth.permission", "pk": 19, "fields": {"name": "Can delete content type", "content_type": 5, "codename": "delete_contenttype"}}, {"model": "auth.permission", "pk": 20, "fields": {"name": "Can view content type", "content_type": 5, "codename": "view_contenttype"}}, {"model": "auth.permission", "pk": 21, "fields": {"name": "Can add session", "content_type": 6, "codename": "add_session"}}, {"model": "auth.permission", "pk": 22, "fields": {"name": "Can change session", "content_type": 6, "codename": "change_session"}}, {"model": "auth.permission", "pk": 23, "fields": {"name": "Can delete session", "content_type": 6, "codename": "delete_session"}}, {"model": "auth.permission", "pk": 24, "fields": {"name": "Can view session", "content_type": 6, "codename": "view_session"}}, {"model": "auth.permission", "pk": 25, "fields": {"name": "Can add cleaning type", "content_type": 7, "codename": "add_cleaningtype"}}, {"model": "auth.permission", "pk": 26, "fields": {"name": "Can change cleaning type", "content_type": 7, "codename": "change_cleaningtype"}}, {"model": "auth.permission", "pk": 27, "fields": {"name": "Can delete cleaning type", "content_type": 7, "codename": "delete_cleaningtype"}}, {"model": "auth.permission", "pk": 28, "fields": {"name": "Can view cleaning type", "content_type": 7, "codename": "view_cleaningtype"}}, {"model": "auth.permission", "pk": 29, "fields": {"name": "Can add place type", "content_type": 8, "codename": "add_placetype"}}, {"model": "auth.permission", "pk": 30, "fields": {"name": "Can change place type", "content_type": 8, "codename": "change_placetype"}}, {"model": "auth.permission", "pk": 31, "fields": {"name": "Can delete place type", "content_type": 8, "codename": "delete_placetype"}}, {"model": "auth.permission", "pk": 32, "fields": {"name": "Can view place type", "content_type": 8, "codename": "view_placetype"}}, {"model": "auth.permission", "pk": 33, "fields": {"name": "Can add telegram", "content_type": 9, "codename": "add_telegram"}}, {"model": "auth.permission", "pk": 34, "fields": {"name": "Can change telegram", "content_type": 9, "codename": "change_telegram"}}, {"model": "auth.permission", "pk": 35, "fields": {"name": "Can delete telegram", "content_type": 9, "codename": "delete_telegram"}}, {"model": "auth.permission", "pk": 36, "fields": {"name": "Can view telegram", "content_type": 9, "codename": "view_telegram"}}, {"model": "auth.permission", "pk": 37, "fields": {"name": "Can add request", "content_type": 10, "codename": "add_request"}}, {"model": "auth.permission", "pk": 38, "fields": {"name": "Can change request", "content_type": 10, "codename": "change_request"}}, {"model": "auth.permission", "pk": 39, "fields": {"name": "Can delete request", "content_type": 10, "codename": "delete_request"}}, {"model": "auth.permission", "pk": 40, "fields": {"name": "Can view request", "content_type": 10, "codename": "view_request"}}, {"model": "auth.permission", "pk": 41, "fields": {"name": "Can add price", "content_type": 11, "codename": "add_price"}}, {"model": "auth.permission", "pk": 42, "fields": {"name": "Can change price", "content_type": 11, "codename": "change_price"}}, {"model": "auth.permission", "pk": 43, "fields": {"name": "Can delete price", "content_type": 11, "codename": "delete_price"}}, {"model": "auth.permission", "pk": 44, "fields": {"name": "Can view price", "content_type": 11, "codename": "view_price"}}, {"model": "auth.user", "pk": 1, "fields": {"password": "pbkdf2_sha256$150000$XO41ekD3TXez$H1UZorKJAE8GZQqVGrgj70qEZdz1xNQ7EFfoxd1bG5Q=", "last_login": "2020-08-15T13:11:39.540Z", "is_superuser": true, "username": "cleaning", "first_name": "", "last_name": "", "email": "", "is_staff": true, "is_active": true, "date_joined": "2020-08-15T13:11:30.203Z", "groups": [], "user_permissions": []}}, {"model": "admin.logentry", "pk": 1, "fields": {"action_time": "2020-08-15T13:28:50.902Z", "user": 1, "content_type": 9, "object_id": "1", "object_repr": "Telegram object (1)", "action_flag": 1, "change_message": "[{\"added\": {}}]"}}, {"model": "admin.logentry", "pk": 2, "fields": {"action_time": "2020-08-15T13:30:25.622Z", "user": 1, "content_type": 9, "object_id": "1", "object_repr": "Telegram object (1)", "action_flag": 2, "change_message": "[{\"changed\": {\"fields\": [\"link\"]}}]"}}, {"model": "admin.logentry", "pk": 3, "fields": {"action_time": "2020-08-15T13:32:10.834Z", "user": 1, "content_type": 9, "object_id": "1", "object_repr": "Telegram object (1)", "action_flag": 2, "change_message": "[{\"changed\": {\"fields\": [\"link\"]}}]"}}, {"model": "admin.logentry", "pk": 4, "fields": {"action_time": "2020-08-15T13:41:15.516Z", "user": 1, "content_type": 11, "object_id": "6", "object_repr": "\u041a\u0432\u0430\u0440\u0442\u0438\u0440\u0430,\u0413\u0435\u043d\u0435\u0440\u0430\u043b\u044c\u043d\u0430\u044f,50", "action_flag": 2, "change_message": "[{\"changed\": {\"fields\": [\"price\"]}}]"}}, {"model": "admin.logentry", "pk": 5, "fields": {"action_time": "2020-08-15T13:42:18.858Z", "user": 1, "content_type": 11, "object_id": "1", "object_repr": "\u041a\u0432\u0430\u0440\u0442\u0438\u0440\u0430,\u041f\u043e\u0434\u0434\u0435\u0440\u0436\u0438\u0432\u0430\u044e\u0449\u0430\u044f,50", "action_flag": 2, "change_message": "[{\"changed\": {\"fields\": [\"price\"]}}]"}}, {"model": "admin.logentry", "pk": 6, "fields": {"action_time": "2020-08-15T13:42:50.046Z", "user": 1, "content_type": 11, "object_id": "3", "object_repr": "\u041a\u0432\u0430\u0440\u0442\u0438\u0440\u0430,\u041f\u043e\u0434\u0434\u0435\u0440\u0436\u0438\u0432\u0430\u044e\u0449\u0430\u044f,80", "action_flag": 2, "change_message": "[{\"changed\": {\"fields\": [\"price\"]}}]"}}, {"model": "admin.logentry", "pk": 7, "fields": {"action_time": "2020-08-15T13:42:56.559Z", "user": 1, "content_type": 11, "object_id": "4", "object_repr": "\u041a\u0432\u0430\u0440\u0442\u0438\u0440\u0430,\u041f\u043e\u0434\u0434\u0435\u0440\u0436\u0438\u0432\u0430\u044e\u0449\u0430\u044f,100", "action_flag": 2, "change_message": "[{\"changed\": {\"fields\": [\"price\"]}}]"}}, {"model": "admin.logentry", "pk": 8, "fields": {"action_time": "2020-08-15T13:43:06.150Z", "user": 1, "content_type": 11, "object_id": "5", "object_repr": "\u041a\u0432\u0430\u0440\u0442\u0438\u0440\u0430,\u041f\u043e\u0434\u0434\u0435\u0440\u0436\u0438\u0432\u0430\u044e\u0449\u0430\u044f,200", "action_flag": 2, "change_message": "[{\"changed\": {\"fields\": [\"price\"]}}]"}}, {"model": "admin.logentry", "pk": 9, "fields": {"action_time": "2020-08-15T13:44:25.351Z", "user": 1, "content_type": 11, "object_id": "2", "object_repr": "\u041a\u0432\u0430\u0440\u0442\u0438\u0440\u0430,\u0413\u0435\u043d\u0435\u0440\u0430\u043b\u044c\u043d\u0430\u044f,80", "action_flag": 2, "change_message": "[{\"changed\": {\"fields\": [\"price\"]}}]"}}, {"model": "admin.logentry", "pk": 10, "fields": {"action_time": "2020-08-15T13:44:32.108Z", "user": 1, "content_type": 11, "object_id": "7", "object_repr": "\u041a\u0432\u0430\u0440\u0442\u0438\u0440\u0430,\u0413\u0435\u043d\u0435\u0440\u0430\u043b\u044c\u043d\u0430\u044f,100", "action_flag": 2, "change_message": "[{\"changed\": {\"fields\": [\"price\"]}}]"}}, {"model": "admin.logentry", "pk": 11, "fields": {"action_time": "2020-08-15T13:44:41.009Z", "user": 1, "content_type": 11, "object_id": "8", "object_repr": "\u041a\u0432\u0430\u0440\u0442\u0438\u0440\u0430,\u0413\u0435\u043d\u0435\u0440\u0430\u043b\u044c\u043d\u0430\u044f,200", "action_flag": 2, "change_message": "[{\"changed\": {\"fields\": [\"price\"]}}]"}}, {"model": "admin.logentry", "pk": 12, "fields": {"action_time": "2020-08-15T13:44:52.520Z", "user": 1, "content_type": 11, "object_id": "9", "object_repr": "\u041a\u0432\u0430\u0440\u0442\u0438\u0440\u0430,\u041f\u043e\u0441\u043b\u0435 \u0440\u0435\u043c\u043e\u043d\u0442\u0430,50", "action_flag": 2, "change_message": "[{\"changed\": {\"fields\": [\"price\"]}}]"}}, {"model": "admin.logentry", "pk": 13, "fields": {"action_time": "2020-08-15T13:44:57.715Z", "user": 1, "content_type": 11, "object_id": "10", "object_repr": "\u041a\u0432\u0430\u0440\u0442\u0438\u0440\u0430,\u041f\u043e\u0441\u043b\u0435 \u0440\u0435\u043c\u043e\u043d\u0442\u0430,80", "action_flag": 2, "change_message": "[{\"changed\": {\"fields\": [\"price\"]}}]"}}, {"model": "admin.logentry", "pk": 14, "fields": {"action_time": "2020-08-15T13:45:02.846Z", "user": 1, "content_type": 11, "object_id": "11", "object_repr": "\u041a\u0432\u0430\u0440\u0442\u0438\u0440\u0430,\u041f\u043e\u0441\u043b\u0435 \u0440\u0435\u043c\u043e\u043d\u0442\u0430,100", "action_flag": 2, "change_message": "[{\"changed\": {\"fields\": [\"price\"]}}]"}}, {"model": "admin.logentry", "pk": 15, "fields": {"action_time": "2020-08-15T13:45:08.935Z", "user": 1, "content_type": 11, "object_id": "12", "object_repr": "\u041a\u0432\u0430\u0440\u0442\u0438\u0440\u0430,\u041f\u043e\u0441\u043b\u0435 \u0440\u0435\u043c\u043e\u043d\u0442\u0430,200", "action_flag": 2, "change_message": "[{\"changed\": {\"fields\": [\"price\"]}}]"}}, {"model": "admin.logentry", "pk": 16, "fields": {"action_time": "2020-08-15T13:45:14.548Z", "user": 1, "content_type": 11, "object_id": "13", "object_repr": "\u041a\u043e\u0442\u0442\u0435\u0434\u0436,\u041f\u043e\u0434\u0434\u0435\u0440\u0436\u0438\u0432\u0430\u044e\u0449\u0430\u044f,50", "action_flag": 2, "change_message": "[{\"changed\": {\"fields\": [\"price\"]}}]"}}, {"model": "admin.logentry", "pk": 17, "fields": {"action_time": "2020-08-15T13:45:19.362Z", "user": 1, "content_type": 11, "object_id": "14", "object_repr": "\u041a\u043e\u0442\u0442\u0435\u0434\u0436,\u041f\u043e\u0434\u0434\u0435\u0440\u0436\u0438\u0432\u0430\u044e\u0449\u0430\u044f,80", "action_flag": 2, "change_message": "[{\"changed\": {\"fields\": [\"price\"]}}]"}}, {"model": "admin.logentry", "pk": 18, "fields": {"action_time": "2020-08-15T13:45:24.468Z", "user": 1, "content_type": 11, "object_id": "15", "object_repr": "\u041a\u043e\u0442\u0442\u0435\u0434\u0436,\u041f\u043e\u0434\u0434\u0435\u0440\u0436\u0438\u0432\u0430\u044e\u0449\u0430\u044f,100", "action_flag": 2, "change_message": "[{\"changed\": {\"fields\": [\"price\"]}}]"}}, {"model": "admin.logentry", "pk": 19, "fields": {"action_time": "2020-08-15T13:45:28.865Z", "user": 1, "content_type": 11, "object_id": "16", "object_repr": "\u041a\u043e\u0442\u0442\u0435\u0434\u0436,\u041f\u043e\u0434\u0434\u0435\u0440\u0436\u0438\u0432\u0430\u044e\u0449\u0430\u044f,200", "action_flag": 2, "change_message": "[{\"changed\": {\"fields\": [\"price\"]}}]"}}, {"model": "admin.logentry", "pk": 20, "fields": {"action_time": "2020-08-15T13:45:34.696Z", "user": 1, "content_type": 11, "object_id": "17", "object_repr": "\u041a\u043e\u0442\u0442\u0435\u0434\u0436,\u0413\u0435\u043d\u0435\u0440\u0430\u043b\u044c\u043d\u0430\u044f,50", "action_flag": 2, "change_message": "[{\"changed\": {\"fields\": [\"price\"]}}]"}}, {"model": "admin.logentry", "pk": 21, "fields": {"action_time": "2020-08-15T13:45:38.993Z", "user": 1, "content_type": 11, "object_id": "18", "object_repr": "\u041a\u043e\u0442\u0442\u0435\u0434\u0436,\u0413\u0435\u043d\u0435\u0440\u0430\u043b\u044c\u043d\u0430\u044f,80", "action_flag": 2, "change_message": "[{\"changed\": {\"fields\": [\"price\"]}}]"}}, {"model": "admin.logentry", "pk": 22, "fields": {"action_time": "2020-08-15T13:45:43.611Z", "user": 1, "content_type": 11, "object_id": "19", "object_repr": "\u041a\u043e\u0442\u0442\u0435\u0434\u0436,\u0413\u0435\u043d\u0435\u0440\u0430\u043b\u044c\u043d\u0430\u044f,100", "action_flag": 2, "change_message": "[{\"changed\": {\"fields\": [\"price\"]}}]"}}, {"model": "admin.logentry", "pk": 23, "fields": {"action_time": "2020-08-15T13:45:48.668Z", "user": 1, "content_type": 11, "object_id": "20", "object_repr": "\u041a\u043e\u0442\u0442\u0435\u0434\u0436,\u0413\u0435\u043d\u0435\u0440\u0430\u043b\u044c\u043d\u0430\u044f,200", "action_flag": 2, "change_message": "[{\"changed\": {\"fields\": [\"price\"]}}]"}}, {"model": "admin.logentry", "pk": 24, "fields": {"action_time": "2020-08-15T13:45:53.206Z", "user": 1, "content_type": 11, "object_id": "21", "object_repr": "\u041a\u043e\u0442\u0442\u0435\u0434\u0436,\u041f\u043e\u0441\u043b\u0435 \u0440\u0435\u043c\u043e\u043d\u0442\u0430,50", "action_flag": 2, "change_message": "[{\"changed\": {\"fields\": [\"price\"]}}]"}}, {"model": "admin.logentry", "pk": 25, "fields": {"action_time": "2020-08-15T13:45:57.450Z", "user": 1, "content_type": 11, "object_id": "22", "object_repr": "\u041a\u043e\u0442\u0442\u0435\u0434\u0436,\u041f\u043e\u0441\u043b\u0435 \u0440\u0435\u043c\u043e\u043d\u0442\u0430,80", "action_flag": 2, "change_message": "[{\"changed\": {\"fields\": [\"price\"]}}]"}}, {"model": "admin.logentry", "pk": 26, "fields": {"action_time": "2020-08-15T13:46:02.353Z", "user": 1, "content_type": 11, "object_id": "23", "object_repr": "\u041a\u043e\u0442\u0442\u0435\u0434\u0436,\u041f\u043e\u0441\u043b\u0435 \u0440\u0435\u043c\u043e\u043d\u0442\u0430,100", "action_flag": 2, "change_message": "[{\"changed\": {\"fields\": [\"price\"]}}]"}}, {"model": "admin.logentry", "pk": 27, "fields": {"action_time": "2020-08-15T13:46:07.102Z", "user": 1, "content_type": 11, "object_id": "24", "object_repr": "\u041a\u043e\u0442\u0442\u0435\u0434\u0436,\u041f\u043e\u0441\u043b\u0435 \u0440\u0435\u043c\u043e\u043d\u0442\u0430,200", "action_flag": 2, "change_message": "[{\"changed\": {\"fields\": [\"price\"]}}]"}}]